連番,氏名,氏名（カタカナ）,性別,電話番号,メールアドレス,生年月日,年齢,出身地,血液型
1,小野時雄,オノトキオ,男,0183749700,tokioono@axohmfre.zh,1964/04/03,54,東京都,A
2,赤井麻央,アカイマオ,女,0196175780,mao330@qqhb.xg,1985/11/28,33,群馬県,A
3,冨田雅也,トミタマサヤ,男,0979266898,masaya_tomita@bldl.smbwm.zma,1966/10/07,52,山梨県,O
4,伊藤梨花,イトウリカ,女,0423401111,rikaitou@gnrl.dh,1970/11/01,48,群馬県,O
5,岡田保男,オカダヤスオ,男,0292627137,Yasuo_Okada@jrqmvwc.lvi,1979/01/01,40,山口県,O
6,長友信幸,ナガトモノブユキ,男,0735106980,ryaxakchinobuyuki6193@bqmsdcn.xpm,1971/08/20,47,大阪府,A
7,中谷智子,ナカタニトモコ,女,0944342980,onakatani@qhlibwsku.cvw.sqh,1976/10/02,42,徳島県,AB
8,大前朋子,オオマエトモコ,女,0942407938,Tomoko_Oomae@ffil.lvjot.vpf,1997/06/22,21,高知県,A
9,多田紀幸,オオタノリユキ,男,0185624948,noriyuki7926@jpoocf.edc,1984/05/24,34,山梨県,A
10,山岸新治,ヤマギシシンジ,男,0795083381,shinji588@mpcqd.iwg.iw,1994/04/28,24,島根県,A
11,太田由希子,オオタユキコ,女,0178238183,ooota@bzoyhbbg.ijv,1998/01/29,21,福岡県,B
12,鹿野直,カノタダシ,男,0956384836,lscrsbtadashi70727@bwtufjojo.mbq,1995/08/15,23,山梨県,O
13,塩崎幸市,シオザキコウイチ,男,0855662079,kouichi69146@gbwjdf.waj,1972/04/17,46,青森県,O
14,森本孝一,モリモトコウイチ,男,0779355442,kouichimorimoto@mveajftklc.tm,1995/09/02,23,石川県,A
15,倉橋久子,クラハシヒサコ,女,0857888999,okurahashi@glepruczp.gz,1982/04/08,36,岐阜県,O
16,矢田桜花,ヤダオウカ,女,0952399169,Ouka_Yada@lqrdvetld.yxc.tiu,1972/04/23,46,熊本県,A
17,大前忠雄,オオマエタダオ,男,0444690398,xsx=tmumtadao4080@cewbpwl.ny.ydr,1967/02/23,52,山形県,AB
18,新村千尋,ニイムラチヒロ,女,0580247295,zfzjh=fyupchihiro34109@awnakdqhh.gnv,1986/05/07,32,広島県,B
19,恩田直樹,オンダナオキ,男,0158778190,naoki57918@ivnquyvx.pg.fx,1980/03/15,38,岐阜県,O
20,片野宏寿,カタノヒロトシ,男,0983833991,hirotoshi_katano@yyrvdn.oms,1969/06/28,49,福井県,B
21,竹内美海,タケウチミウ,女,0251217737,utakeuchi@ovdojqt.mxa.iil,1967/11/13,51,広島県,O
22,安井邦彦,ヤスイクニヒコ,男,0428229194,Kunihiko_Yasui@uzesodb.na,1989/06/14,29,福島県,A
23,中嶋講一,ナカジマコウイチ,男,0239922252,kouichi_nakajima@ljvumme.ha,1979/09/26,39,山口県,A
24,植木千代子,ウエキチヨコ,女,046369287,Chiyoko_Ueki@ticmowbpu.xyl,1983/07/08,35,千葉県,O
25,関貞夫,カンサダオ,男,0556947167,sadao_kan@joecpqr.fz.as,1969/09/24,49,熊本県,A
26,鹿島咲良,カシマサラ,女,0983493798,Sara_Kashima@oqufatelh.wp,1983/05/16,35,大分県,A
27,川本明男,カワモトアキオ,男,0188786408,akio28073@vheejdtak.bt,1976/05/06,42,徳島県,O
28,北山正勝,キタヤママサカツ,男,0495169298,masakatsu3333@fknem.sqj,1985/11/25,33,山口県,B
29,大沼重光,オオヌマシゲミツ,男,0185558808,shigemitsu238@wzjck.xyf,1978/10/12,40,神奈川県,A
30,砂川碧,サガワミドリ,女,0745136078,midori96786@drfsitnukx.ljbwn.lh,1977/06/23,41,岡山県,B
31,目黒恵理子,メグロエリコ,女,0184487306,eriko_meguro@moefng.cz,1970/05/22,48,岩手県,AB
32,後藤麻紀,ゴトウマキ,女,0954604978,maki48724@tssvocgch.fm,1981/02/12,38,佐賀県,AB
33,西明,ニシアキラ,男,0599970626,akira_nishi@nqgazrwx.gfk,1996/06/11,22,山口県,A
34,板倉恵理,イタクラエリ,女,0980897273,iitakura@iywwnjwnu.wpe,1967/09/18,51,香川県,AB
35,下田葉奈,シモダハナ,女,0992016318,Hana_Shimoda@rxismn.xtu,1973/06/15,45,沖縄県,A
36,嶋田真央,シマダマオ,女,0738706284,mao2149@jrxlfk.hiz.sjs,1985/09/15,33,栃木県,A
37,池上善四郎,イケガミゼンシロウ,男,0845555668,zenshirou8958@hwchyewjmu.ak,1986/09/09,32,岐阜県,O
38,大平幸彦,オオヒラユキヒコ,男,0600240420,yukihiko_oohira@nrbr.jr,1965/03/10,53,山梨県,AB
39,宮本花歩,ミヤモトカホ,女,0821049076,kaho_miyamoto@ssxprouwl.yp,1993/07/21,25,新潟県,O
40,高倉吉男,タカクラヨシオ,男,0734190179,yoshio631@jphbcs.brn,1985/04/18,33,新潟県,A
41,岸田瑠美,キシダルミ,女,0242497787,prfwmsurumi7014@pdmang.jvk,1985/08/08,33,福島県,O
42,井出敬,イデタカシ,男,0282761191,iide@kjdlrbhsl.qu.ky,1981/02/13,38,埼玉県,AB
43,麻生雅美,アソウマサミ,女,0198417713,masami78961@lrbnehk.rv,1989/11/01,29,群馬県,A
44,村岡夏音,ムラオカカノン,女,0854879700,kanon_muraoka@dldmfa.eevtx.mej,1992/10/31,26,北海道,A
45,入江美紅,イリエミク,女,0553629537,uirie@cwhvs.grh,1994/08/06,24,長崎県,B
46,麻生新一郎,アソウシンイチロウ,男,0991925403,shinichirou96266@isawgcv.lwqsf.df,1970/01/19,49,三重県,A
47,吉川清太郎,ヨシカワセイタロウ,男,025874390,seitarou99951@rdidbbcm.ntned.yyf,1962/03/06,56,香川県,A
48,川西夢,カワニシユメ,女,0955499143,yume82224@fjzbkx.noo,1960/12/30,58,京都府,AB
49,尾崎勇吉,オザキユウキチ,男,0353335409,yuukichiozaki@rslmevuvn.tt,1980/10/01,38,和歌山県,B
50,生田喜晴,イクタヨシハル,男,0766968392,yoshiharu7417@wlopl.qq,1965/11/02,53,宮城県,A
